period,key_rate,usd_rub,gdp_yoy,investment_yoy,cpi_yoy_eop,real_key_rate
2021Q4,8.5,,,,,
2022Q1,12.744444444444444,,,,,
2022Q2,13.983516483516484,,,,,
2022Q3,8.326086956521738,,,,,
2022Q4,7.5,,,,,
2023Q1,7.5,72.78203333333333,-1.6,1.0,3.51,3.99
2023Q2,7.5,81.00256666666667,4.9,13.3,3.25,4.25
2023Q3,10.179347826086957,94.1195,5.7,14.5,6.0,4.179347826086957
2023Q4,14.521739130434783,92.79923333333333,4.9,8.6,7.42,7.101739130434783
2024Q1,16.0,90.76576666666666,5.2,14.8,7.72,8.280000000000001
2024Q2,16.0,90.60880000000002,4.9,8.7,8.59,7.41
2024Q3,17.554347826086957,89.23716666666667,3.8,5.7,8.63,8.924347826086956
2024Q4,20.41304347826087,99.65396666666668,5.2,4.9,9.52,10.893043478260871
2025Q1,21.0,93.298,1.3,6.5,10.34,10.66
2025Q2,20.75824175824176,80.83186666666667,1.0,-1.0,9.4,11.358241758241759
2025Q3,18.41304347826087,80.62153333333333,0.8,-4.3,7.98,10.43304347826087
2025Q4,16.58695652173913,79.9321,1.0,-5.3,5.59,10.99695652173913
2026Q1,15.705555555555556,78.39203333333334,-0.2,-14.3,5.86,9.845555555555556
2026Q2,14.618131868131869,74.49653333333333,1.3,-6.6,6.02,8.598131868131869
2026Q3,14.070652173913043,80.4513,,,,
