period,ice_1_1.8,ice_2_2.5,ice_3_3.5,ice_3.8_5,ice_6_8,ice_8.5_10,ice_11_18,ice_20_25,el_1_1.8,el_2_2.5,el_3_3.5,el_3.8_5,el_5.5_8,el_8.5_16,total_ice,total_electric,total_market,electric_share
2023Q1,3050.0,2970.0,6050.0,980.0,180.0,90.0,20.0,0.0,6200.0,2500.0,1020.0,150.0,0.0,0.0,13340.0,9870.0,23210.0,0.42524773804394655
2023Q2,3080.0,1860.0,5500.0,1220.0,100.0,140.0,30.0,20.0,9310.0,5420.0,2470.0,260.0,80.0,20.0,11950.0,17560.0,29510.0,0.5950525245679431
2023Q3,4050.0,2710.0,5730.0,1020.0,170.0,40.0,40.0,0.0,10790.0,5640.0,2500.0,450.0,0.0,20.0,13760.0,19400.0,33160.0,0.5850422195416164
2023Q4,2660.0,3160.0,8520.0,960.0,200.0,150.0,40.0,0.0,8160.0,4870.0,3090.0,460.0,40.0,10.0,15690.0,16630.0,32320.0,0.5145420792079208
2024Q1,1530.0,1640.0,3240.0,600.0,160.0,70.0,0.0,0.0,6990.0,3930.0,2740.0,430.0,50.0,0.0,7240.0,14140.0,21380.0,0.6613657623947614
2024Q2,3840.0,2640.0,5100.0,1200.0,200.0,180.0,20.0,0.0,10250.0,5820.0,4060.0,280.0,40.0,10.0,13180.0,20460.0,33640.0,0.60820451843044
2024Q3,2870.0,2670.0,5260.0,700.0,80.0,90.0,20.0,10.0,6800.0,3610.0,2020.0,400.0,50.0,40.0,11700.0,12920.0,24620.0,0.5247766043866775
2024Q4,4160.0,3250.0,6510.0,1050.0,120.0,140.0,0.0,10.0,9320.0,5800.0,3840.0,530.0,60.0,120.0,15240.0,19670.0,34910.0,0.563448868519049
2025Q1,1750.0,2180.0,3420.0,420.0,40.0,100.0,30.0,0.0,7510.0,4190.0,2100.0,340.0,10.0,20.0,7940.0,14170.0,22110.0,0.6408864767073722
2025Q2,1130.0,1190.0,2430.0,340.0,50.0,70.0,20.0,10.0,6860.0,3490.0,3610.0,430.0,10.0,80.0,5240.0,14480.0,19720.0,0.7342799188640974
2025Q3,1450.0,1200.0,2400.0,470.0,110.0,100.0,30.0,0.0,5900.0,3700.0,3200.0,760.0,70.0,20.0,5760.0,13650.0,19410.0,0.7032457496136012
2025Q4,2070.0,1290.0,1650.0,510.0,150.0,80.0,40.0,0.0,6940.0,3750.0,3940.0,700.0,30.0,90.0,5790.0,15450.0,21240.0,0.7274011299435028
2026Q1,1210.0,1150.0,1960.0,260.0,130.0,80.0,30.0,0.0,4870.0,3350.0,2010.0,470.0,80.0,20.0,4820.0,10800.0,15620.0,0.6914212548015365
