period,block,segment,label,source_label,power,capacity_min,capacity_max,silant,units
2023Q1,ice,ice_1_1.8,"1–1,8 т","1-1,8т.",от 10 до 50 л.с.,1.0,1.8,True,3050.0
2023Q2,ice,ice_1_1.8,"1–1,8 т","1-1,8т.",от 10 до 50 л.с.,1.0,1.8,True,3080.0
2023Q3,ice,ice_1_1.8,"1–1,8 т","1-1,8т.",от 10 до 50 л.с.,1.0,1.8,True,4050.0
2023Q4,ice,ice_1_1.8,"1–1,8 т","1-1,8т.",от 10 до 50 л.с.,1.0,1.8,True,2660.0
2024Q1,ice,ice_1_1.8,"1–1,8 т","1-1,8т.",от 10 до 50 л.с.,1.0,1.8,True,1530.0
2024Q2,ice,ice_1_1.8,"1–1,8 т","1-1,8т.",от 10 до 50 л.с.,1.0,1.8,True,3840.0
2024Q3,ice,ice_1_1.8,"1–1,8 т","1-1,8т.",от 10 до 50 л.с.,1.0,1.8,True,2870.0
2024Q4,ice,ice_1_1.8,"1–1,8 т","1-1,8т.",от 10 до 50 л.с.,1.0,1.8,True,4160.0
2025Q1,ice,ice_1_1.8,"1–1,8 т","1-1,8т.",от 10 до 50 л.с.,1.0,1.8,True,1750.0
2025Q2,ice,ice_1_1.8,"1–1,8 т","1-1,8т.",от 10 до 50 л.с.,1.0,1.8,True,1130.0
2025Q3,ice,ice_1_1.8,"1–1,8 т","1-1,8т.",от 10 до 50 л.с.,1.0,1.8,True,1450.0
2025Q4,ice,ice_1_1.8,"1–1,8 т","1-1,8т.",от 10 до 50 л.с.,1.0,1.8,True,2070.0
2026Q1,ice,ice_1_1.8,"1–1,8 т","1-1,8т.",от 10 до 50 л.с.,1.0,1.8,True,1210.0
2023Q1,ice,ice_2_2.5,"2–2,5 т","2-2,5 т.",от 10 до 80 л.с.,2.0,2.5,True,2970.0
2023Q2,ice,ice_2_2.5,"2–2,5 т","2-2,5 т.",от 10 до 80 л.с.,2.0,2.5,True,1860.0
2023Q3,ice,ice_2_2.5,"2–2,5 т","2-2,5 т.",от 10 до 80 л.с.,2.0,2.5,True,2710.0
2023Q4,ice,ice_2_2.5,"2–2,5 т","2-2,5 т.",от 10 до 80 л.с.,2.0,2.5,True,3160.0
2024Q1,ice,ice_2_2.5,"2–2,5 т","2-2,5 т.",от 10 до 80 л.с.,2.0,2.5,True,1640.0
2024Q2,ice,ice_2_2.5,"2–2,5 т","2-2,5 т.",от 10 до 80 л.с.,2.0,2.5,True,2640.0
2024Q3,ice,ice_2_2.5,"2–2,5 т","2-2,5 т.",от 10 до 80 л.с.,2.0,2.5,True,2670.0
2024Q4,ice,ice_2_2.5,"2–2,5 т","2-2,5 т.",от 10 до 80 л.с.,2.0,2.5,True,3250.0
2025Q1,ice,ice_2_2.5,"2–2,5 т","2-2,5 т.",от 10 до 80 л.с.,2.0,2.5,True,2180.0
2025Q2,ice,ice_2_2.5,"2–2,5 т","2-2,5 т.",от 10 до 80 л.с.,2.0,2.5,True,1190.0
2025Q3,ice,ice_2_2.5,"2–2,5 т","2-2,5 т.",от 10 до 80 л.с.,2.0,2.5,True,1200.0
2025Q4,ice,ice_2_2.5,"2–2,5 т","2-2,5 т.",от 10 до 80 л.с.,2.0,2.5,True,1290.0
2026Q1,ice,ice_2_2.5,"2–2,5 т","2-2,5 т.",от 10 до 80 л.с.,2.0,2.5,True,1150.0
2023Q1,ice,ice_3_3.5,"3–3,5 т","3-3,5",от 10 до 100 л.с.,3.0,3.5,True,6050.0
2023Q2,ice,ice_3_3.5,"3–3,5 т","3-3,5",от 10 до 100 л.с.,3.0,3.5,True,5500.0
2023Q3,ice,ice_3_3.5,"3–3,5 т","3-3,5",от 10 до 100 л.с.,3.0,3.5,True,5730.0
2023Q4,ice,ice_3_3.5,"3–3,5 т","3-3,5",от 10 до 100 л.с.,3.0,3.5,True,8520.0
2024Q1,ice,ice_3_3.5,"3–3,5 т","3-3,5",от 10 до 100 л.с.,3.0,3.5,True,3240.0
2024Q2,ice,ice_3_3.5,"3–3,5 т","3-3,5",от 10 до 100 л.с.,3.0,3.5,True,5100.0
2024Q3,ice,ice_3_3.5,"3–3,5 т","3-3,5",от 10 до 100 л.с.,3.0,3.5,True,5260.0
2024Q4,ice,ice_3_3.5,"3–3,5 т","3-3,5",от 10 до 100 л.с.,3.0,3.5,True,6510.0
2025Q1,ice,ice_3_3.5,"3–3,5 т","3-3,5",от 10 до 100 л.с.,3.0,3.5,True,3420.0
2025Q2,ice,ice_3_3.5,"3–3,5 т","3-3,5",от 10 до 100 л.с.,3.0,3.5,True,2430.0
2025Q3,ice,ice_3_3.5,"3–3,5 т","3-3,5",от 10 до 100 л.с.,3.0,3.5,True,2400.0
2025Q4,ice,ice_3_3.5,"3–3,5 т","3-3,5",от 10 до 100 л.с.,3.0,3.5,True,1650.0
2026Q1,ice,ice_3_3.5,"3–3,5 т","3-3,5",от 10 до 100 л.с.,3.0,3.5,True,1960.0
2023Q1,ice,ice_3.8_5,"3,8–5 т","3,8-5,0 т.",от 20 до 90 л.с.,3.8,5.0,True,980.0
2023Q2,ice,ice_3.8_5,"3,8–5 т","3,8-5,0 т.",от 20 до 90 л.с.,3.8,5.0,True,1220.0
2023Q3,ice,ice_3.8_5,"3,8–5 т","3,8-5,0 т.",от 20 до 90 л.с.,3.8,5.0,True,1020.0
2023Q4,ice,ice_3.8_5,"3,8–5 т","3,8-5,0 т.",от 20 до 90 л.с.,3.8,5.0,True,960.0
2024Q1,ice,ice_3.8_5,"3,8–5 т","3,8-5,0 т.",от 20 до 90 л.с.,3.8,5.0,True,600.0
2024Q2,ice,ice_3.8_5,"3,8–5 т","3,8-5,0 т.",от 20 до 90 л.с.,3.8,5.0,True,1200.0
2024Q3,ice,ice_3.8_5,"3,8–5 т","3,8-5,0 т.",от 20 до 90 л.с.,3.8,5.0,True,700.0
2024Q4,ice,ice_3.8_5,"3,8–5 т","3,8-5,0 т.",от 20 до 90 л.с.,3.8,5.0,True,1050.0
2025Q1,ice,ice_3.8_5,"3,8–5 т","3,8-5,0 т.",от 20 до 90 л.с.,3.8,5.0,True,420.0
2025Q2,ice,ice_3.8_5,"3,8–5 т","3,8-5,0 т.",от 20 до 90 л.с.,3.8,5.0,True,340.0
2025Q3,ice,ice_3.8_5,"3,8–5 т","3,8-5,0 т.",от 20 до 90 л.с.,3.8,5.0,True,470.0
2025Q4,ice,ice_3.8_5,"3,8–5 т","3,8-5,0 т.",от 20 до 90 л.с.,3.8,5.0,True,510.0
2026Q1,ice,ice_3.8_5,"3,8–5 т","3,8-5,0 т.",от 20 до 90 л.с.,3.8,5.0,True,260.0
2023Q1,ice,ice_6_8,6–8 т,"6-8,0 т.",от 70 до 120 л.с.,6.0,8.0,False,180.0
2023Q2,ice,ice_6_8,6–8 т,"6-8,0 т.",от 70 до 120 л.с.,6.0,8.0,False,100.0
2023Q3,ice,ice_6_8,6–8 т,"6-8,0 т.",от 70 до 120 л.с.,6.0,8.0,False,170.0
2023Q4,ice,ice_6_8,6–8 т,"6-8,0 т.",от 70 до 120 л.с.,6.0,8.0,False,200.0
2024Q1,ice,ice_6_8,6–8 т,"6-8,0 т.",от 70 до 120 л.с.,6.0,8.0,False,160.0
2024Q2,ice,ice_6_8,6–8 т,"6-8,0 т.",от 70 до 120 л.с.,6.0,8.0,False,200.0
2024Q3,ice,ice_6_8,6–8 т,"6-8,0 т.",от 70 до 120 л.с.,6.0,8.0,False,80.0
2024Q4,ice,ice_6_8,6–8 т,"6-8,0 т.",от 70 до 120 л.с.,6.0,8.0,False,120.0
2025Q1,ice,ice_6_8,6–8 т,"6-8,0 т.",от 70 до 120 л.с.,6.0,8.0,False,40.0
2025Q2,ice,ice_6_8,6–8 т,"6-8,0 т.",от 70 до 120 л.с.,6.0,8.0,False,50.0
2025Q3,ice,ice_6_8,6–8 т,"6-8,0 т.",от 70 до 120 л.с.,6.0,8.0,False,110.0
2025Q4,ice,ice_6_8,6–8 т,"6-8,0 т.",от 70 до 120 л.с.,6.0,8.0,False,150.0
2026Q1,ice,ice_6_8,6–8 т,"6-8,0 т.",от 70 до 120 л.с.,6.0,8.0,False,130.0
2023Q1,ice,ice_8.5_10,"8,5–10 т","8,5-10,0 т.",от 70 до 100 л.с.,8.5,10.0,False,90.0
2023Q2,ice,ice_8.5_10,"8,5–10 т","8,5-10,0 т.",от 70 до 100 л.с.,8.5,10.0,False,140.0
2023Q3,ice,ice_8.5_10,"8,5–10 т","8,5-10,0 т.",от 70 до 100 л.с.,8.5,10.0,False,40.0
2023Q4,ice,ice_8.5_10,"8,5–10 т","8,5-10,0 т.",от 70 до 100 л.с.,8.5,10.0,False,150.0
2024Q1,ice,ice_8.5_10,"8,5–10 т","8,5-10,0 т.",от 70 до 100 л.с.,8.5,10.0,False,70.0
2024Q2,ice,ice_8.5_10,"8,5–10 т","8,5-10,0 т.",от 70 до 100 л.с.,8.5,10.0,False,180.0
2024Q3,ice,ice_8.5_10,"8,5–10 т","8,5-10,0 т.",от 70 до 100 л.с.,8.5,10.0,False,90.0
2024Q4,ice,ice_8.5_10,"8,5–10 т","8,5-10,0 т.",от 70 до 100 л.с.,8.5,10.0,False,140.0
2025Q1,ice,ice_8.5_10,"8,5–10 т","8,5-10,0 т.",от 70 до 100 л.с.,8.5,10.0,False,100.0
2025Q2,ice,ice_8.5_10,"8,5–10 т","8,5-10,0 т.",от 70 до 100 л.с.,8.5,10.0,False,70.0
2025Q3,ice,ice_8.5_10,"8,5–10 т","8,5-10,0 т.",от 70 до 100 л.с.,8.5,10.0,False,100.0
2025Q4,ice,ice_8.5_10,"8,5–10 т","8,5-10,0 т.",от 70 до 100 л.с.,8.5,10.0,False,80.0
2026Q1,ice,ice_8.5_10,"8,5–10 т","8,5-10,0 т.",от 70 до 100 л.с.,8.5,10.0,False,80.0
2023Q1,ice,ice_11_18,11–18 т,"11-18,0 т.",от 90 до 150 л.с.,11.0,18.0,False,20.0
2023Q2,ice,ice_11_18,11–18 т,"11-18,0 т.",от 90 до 150 л.с.,11.0,18.0,False,30.0
2023Q3,ice,ice_11_18,11–18 т,"11-18,0 т.",от 90 до 150 л.с.,11.0,18.0,False,40.0
2023Q4,ice,ice_11_18,11–18 т,"11-18,0 т.",от 90 до 150 л.с.,11.0,18.0,False,40.0
2024Q1,ice,ice_11_18,11–18 т,"11-18,0 т.",от 90 до 150 л.с.,11.0,18.0,False,0.0
2024Q2,ice,ice_11_18,11–18 т,"11-18,0 т.",от 90 до 150 л.с.,11.0,18.0,False,20.0
2024Q3,ice,ice_11_18,11–18 т,"11-18,0 т.",от 90 до 150 л.с.,11.0,18.0,False,20.0
2024Q4,ice,ice_11_18,11–18 т,"11-18,0 т.",от 90 до 150 л.с.,11.0,18.0,False,0.0
2025Q1,ice,ice_11_18,11–18 т,"11-18,0 т.",от 90 до 150 л.с.,11.0,18.0,False,30.0
2025Q2,ice,ice_11_18,11–18 т,"11-18,0 т.",от 90 до 150 л.с.,11.0,18.0,False,20.0
2025Q3,ice,ice_11_18,11–18 т,"11-18,0 т.",от 90 до 150 л.с.,11.0,18.0,False,30.0
2025Q4,ice,ice_11_18,11–18 т,"11-18,0 т.",от 90 до 150 л.с.,11.0,18.0,False,40.0
2026Q1,ice,ice_11_18,11–18 т,"11-18,0 т.",от 90 до 150 л.с.,11.0,18.0,False,30.0
2023Q1,ice,ice_20_25,20–25 т,от 20 до 25 т.,от 140 до 200 л.с.,20.0,25.0,False,0.0
2023Q2,ice,ice_20_25,20–25 т,от 20 до 25 т.,от 140 до 200 л.с.,20.0,25.0,False,20.0
2023Q3,ice,ice_20_25,20–25 т,от 20 до 25 т.,от 140 до 200 л.с.,20.0,25.0,False,0.0
2023Q4,ice,ice_20_25,20–25 т,от 20 до 25 т.,от 140 до 200 л.с.,20.0,25.0,False,0.0
2024Q1,ice,ice_20_25,20–25 т,от 20 до 25 т.,от 140 до 200 л.с.,20.0,25.0,False,0.0
2024Q2,ice,ice_20_25,20–25 т,от 20 до 25 т.,от 140 до 200 л.с.,20.0,25.0,False,0.0
2024Q3,ice,ice_20_25,20–25 т,от 20 до 25 т.,от 140 до 200 л.с.,20.0,25.0,False,10.0
2024Q4,ice,ice_20_25,20–25 т,от 20 до 25 т.,от 140 до 200 л.с.,20.0,25.0,False,10.0
2025Q1,ice,ice_20_25,20–25 т,от 20 до 25 т.,от 140 до 200 л.с.,20.0,25.0,False,0.0
2025Q2,ice,ice_20_25,20–25 т,от 20 до 25 т.,от 140 до 200 л.с.,20.0,25.0,False,10.0
2025Q3,ice,ice_20_25,20–25 т,от 20 до 25 т.,от 140 до 200 л.с.,20.0,25.0,False,0.0
2025Q4,ice,ice_20_25,20–25 т,от 20 до 25 т.,от 140 до 200 л.с.,20.0,25.0,False,0.0
2026Q1,ice,ice_20_25,20–25 т,от 20 до 25 т.,от 140 до 200 л.с.,20.0,25.0,False,0.0
2023Q1,electric,el_1_1.8,"1–1,8 т","1-1,8т.",от 10 до 40 л.с.,1.0,1.8,True,6200.0
2023Q2,electric,el_1_1.8,"1–1,8 т","1-1,8т.",от 10 до 40 л.с.,1.0,1.8,True,9310.0
2023Q3,electric,el_1_1.8,"1–1,8 т","1-1,8т.",от 10 до 40 л.с.,1.0,1.8,True,10790.0
2023Q4,electric,el_1_1.8,"1–1,8 т","1-1,8т.",от 10 до 40 л.с.,1.0,1.8,True,8160.0
2024Q1,electric,el_1_1.8,"1–1,8 т","1-1,8т.",от 10 до 40 л.с.,1.0,1.8,True,6990.0
2024Q2,electric,el_1_1.8,"1–1,8 т","1-1,8т.",от 10 до 40 л.с.,1.0,1.8,True,10250.0
2024Q3,electric,el_1_1.8,"1–1,8 т","1-1,8т.",от 10 до 40 л.с.,1.0,1.8,True,6800.0
2024Q4,electric,el_1_1.8,"1–1,8 т","1-1,8т.",от 10 до 40 л.с.,1.0,1.8,True,9320.0
2025Q1,electric,el_1_1.8,"1–1,8 т","1-1,8т.",от 10 до 40 л.с.,1.0,1.8,True,7510.0
2025Q2,electric,el_1_1.8,"1–1,8 т","1-1,8т.",от 10 до 40 л.с.,1.0,1.8,True,6860.0
2025Q3,electric,el_1_1.8,"1–1,8 т","1-1,8т.",от 10 до 40 л.с.,1.0,1.8,True,5900.0
2025Q4,electric,el_1_1.8,"1–1,8 т","1-1,8т.",от 10 до 40 л.с.,1.0,1.8,True,6940.0
2026Q1,electric,el_1_1.8,"1–1,8 т","1-1,8т.",от 10 до 40 л.с.,1.0,1.8,True,4870.0
2023Q1,electric,el_2_2.5,"2–2,5 т","2-2,5 т.",от 10 до 40 л.с.,2.0,2.5,True,2500.0
2023Q2,electric,el_2_2.5,"2–2,5 т","2-2,5 т.",от 10 до 40 л.с.,2.0,2.5,True,5420.0
2023Q3,electric,el_2_2.5,"2–2,5 т","2-2,5 т.",от 10 до 40 л.с.,2.0,2.5,True,5640.0
2023Q4,electric,el_2_2.5,"2–2,5 т","2-2,5 т.",от 10 до 40 л.с.,2.0,2.5,True,4870.0
2024Q1,electric,el_2_2.5,"2–2,5 т","2-2,5 т.",от 10 до 40 л.с.,2.0,2.5,True,3930.0
2024Q2,electric,el_2_2.5,"2–2,5 т","2-2,5 т.",от 10 до 40 л.с.,2.0,2.5,True,5820.0
2024Q3,electric,el_2_2.5,"2–2,5 т","2-2,5 т.",от 10 до 40 л.с.,2.0,2.5,True,3610.0
2024Q4,electric,el_2_2.5,"2–2,5 т","2-2,5 т.",от 10 до 40 л.с.,2.0,2.5,True,5800.0
2025Q1,electric,el_2_2.5,"2–2,5 т","2-2,5 т.",от 10 до 40 л.с.,2.0,2.5,True,4190.0
2025Q2,electric,el_2_2.5,"2–2,5 т","2-2,5 т.",от 10 до 40 л.с.,2.0,2.5,True,3490.0
2025Q3,electric,el_2_2.5,"2–2,5 т","2-2,5 т.",от 10 до 40 л.с.,2.0,2.5,True,3700.0
2025Q4,electric,el_2_2.5,"2–2,5 т","2-2,5 т.",от 10 до 40 л.с.,2.0,2.5,True,3750.0
2026Q1,electric,el_2_2.5,"2–2,5 т","2-2,5 т.",от 10 до 40 л.с.,2.0,2.5,True,3350.0
2023Q1,electric,el_3_3.5,"3–3,5 т","3-3,5",от 10 до 50 л.с.,3.0,3.5,True,1020.0
2023Q2,electric,el_3_3.5,"3–3,5 т","3-3,5",от 10 до 50 л.с.,3.0,3.5,True,2470.0
2023Q3,electric,el_3_3.5,"3–3,5 т","3-3,5",от 10 до 50 л.с.,3.0,3.5,True,2500.0
2023Q4,electric,el_3_3.5,"3–3,5 т","3-3,5",от 10 до 50 л.с.,3.0,3.5,True,3090.0
2024Q1,electric,el_3_3.5,"3–3,5 т","3-3,5",от 10 до 50 л.с.,3.0,3.5,True,2740.0
2024Q2,electric,el_3_3.5,"3–3,5 т","3-3,5",от 10 до 50 л.с.,3.0,3.5,True,4060.0
2024Q3,electric,el_3_3.5,"3–3,5 т","3-3,5",от 10 до 50 л.с.,3.0,3.5,True,2020.0
2024Q4,electric,el_3_3.5,"3–3,5 т","3-3,5",от 10 до 50 л.с.,3.0,3.5,True,3840.0
2025Q1,electric,el_3_3.5,"3–3,5 т","3-3,5",от 10 до 50 л.с.,3.0,3.5,True,2100.0
2025Q2,electric,el_3_3.5,"3–3,5 т","3-3,5",от 10 до 50 л.с.,3.0,3.5,True,3610.0
2025Q3,electric,el_3_3.5,"3–3,5 т","3-3,5",от 10 до 50 л.с.,3.0,3.5,True,3200.0
2025Q4,electric,el_3_3.5,"3–3,5 т","3-3,5",от 10 до 50 л.с.,3.0,3.5,True,3940.0
2026Q1,electric,el_3_3.5,"3–3,5 т","3-3,5",от 10 до 50 л.с.,3.0,3.5,True,2010.0
2023Q1,electric,el_3.8_5,"3,8–5 т","3,8-5,0 т.",от 10 до 70 л.с.,3.8,5.0,True,150.0
2023Q2,electric,el_3.8_5,"3,8–5 т","3,8-5,0 т.",от 10 до 70 л.с.,3.8,5.0,True,260.0
2023Q3,electric,el_3.8_5,"3,8–5 т","3,8-5,0 т.",от 10 до 70 л.с.,3.8,5.0,True,450.0
2023Q4,electric,el_3.8_5,"3,8–5 т","3,8-5,0 т.",от 10 до 70 л.с.,3.8,5.0,True,460.0
2024Q1,electric,el_3.8_5,"3,8–5 т","3,8-5,0 т.",от 10 до 70 л.с.,3.8,5.0,True,430.0
2024Q2,electric,el_3.8_5,"3,8–5 т","3,8-5,0 т.",от 10 до 70 л.с.,3.8,5.0,True,280.0
2024Q3,electric,el_3.8_5,"3,8–5 т","3,8-5,0 т.",от 10 до 70 л.с.,3.8,5.0,True,400.0
2024Q4,electric,el_3.8_5,"3,8–5 т","3,8-5,0 т.",от 10 до 70 л.с.,3.8,5.0,True,530.0
2025Q1,electric,el_3.8_5,"3,8–5 т","3,8-5,0 т.",от 10 до 70 л.с.,3.8,5.0,True,340.0
2025Q2,electric,el_3.8_5,"3,8–5 т","3,8-5,0 т.",от 10 до 70 л.с.,3.8,5.0,True,430.0
2025Q3,electric,el_3.8_5,"3,8–5 т","3,8-5,0 т.",от 10 до 70 л.с.,3.8,5.0,True,760.0
2025Q4,electric,el_3.8_5,"3,8–5 т","3,8-5,0 т.",от 10 до 70 л.с.,3.8,5.0,True,700.0
2026Q1,electric,el_3.8_5,"3,8–5 т","3,8-5,0 т.",от 10 до 70 л.с.,3.8,5.0,True,470.0
2023Q1,electric,el_5.5_8,"5,5–8 т","5,5-8,0 т.",от 10 до 60 л.с.,5.5,8.0,False,0.0
2023Q2,electric,el_5.5_8,"5,5–8 т","5,5-8,0 т.",от 10 до 60 л.с.,5.5,8.0,False,80.0
2023Q3,electric,el_5.5_8,"5,5–8 т","5,5-8,0 т.",от 10 до 60 л.с.,5.5,8.0,False,0.0
2023Q4,electric,el_5.5_8,"5,5–8 т","5,5-8,0 т.",от 10 до 60 л.с.,5.5,8.0,False,40.0
2024Q1,electric,el_5.5_8,"5,5–8 т","5,5-8,0 т.",от 10 до 60 л.с.,5.5,8.0,False,50.0
2024Q2,electric,el_5.5_8,"5,5–8 т","5,5-8,0 т.",от 10 до 60 л.с.,5.5,8.0,False,40.0
2024Q3,electric,el_5.5_8,"5,5–8 т","5,5-8,0 т.",от 10 до 60 л.с.,5.5,8.0,False,50.0
2024Q4,electric,el_5.5_8,"5,5–8 т","5,5-8,0 т.",от 10 до 60 л.с.,5.5,8.0,False,60.0
2025Q1,electric,el_5.5_8,"5,5–8 т","5,5-8,0 т.",от 10 до 60 л.с.,5.5,8.0,False,10.0
2025Q2,electric,el_5.5_8,"5,5–8 т","5,5-8,0 т.",от 10 до 60 л.с.,5.5,8.0,False,10.0
2025Q3,electric,el_5.5_8,"5,5–8 т","5,5-8,0 т.",от 10 до 60 л.с.,5.5,8.0,False,70.0
2025Q4,electric,el_5.5_8,"5,5–8 т","5,5-8,0 т.",от 10 до 60 л.с.,5.5,8.0,False,30.0
2026Q1,electric,el_5.5_8,"5,5–8 т","5,5-8,0 т.",от 10 до 60 л.с.,5.5,8.0,False,80.0
2023Q1,electric,el_8.5_16,"8,5–16 т","8,5-16,0 т.",от 20 до 160 л.с.,8.5,16.0,False,0.0
2023Q2,electric,el_8.5_16,"8,5–16 т","8,5-16,0 т.",от 20 до 160 л.с.,8.5,16.0,False,20.0
2023Q3,electric,el_8.5_16,"8,5–16 т","8,5-16,0 т.",от 20 до 160 л.с.,8.5,16.0,False,20.0
2023Q4,electric,el_8.5_16,"8,5–16 т","8,5-16,0 т.",от 20 до 160 л.с.,8.5,16.0,False,10.0
2024Q1,electric,el_8.5_16,"8,5–16 т","8,5-16,0 т.",от 20 до 160 л.с.,8.5,16.0,False,0.0
2024Q2,electric,el_8.5_16,"8,5–16 т","8,5-16,0 т.",от 20 до 160 л.с.,8.5,16.0,False,10.0
2024Q3,electric,el_8.5_16,"8,5–16 т","8,5-16,0 т.",от 20 до 160 л.с.,8.5,16.0,False,40.0
2024Q4,electric,el_8.5_16,"8,5–16 т","8,5-16,0 т.",от 20 до 160 л.с.,8.5,16.0,False,120.0
2025Q1,electric,el_8.5_16,"8,5–16 т","8,5-16,0 т.",от 20 до 160 л.с.,8.5,16.0,False,20.0
2025Q2,electric,el_8.5_16,"8,5–16 т","8,5-16,0 т.",от 20 до 160 л.с.,8.5,16.0,False,80.0
2025Q3,electric,el_8.5_16,"8,5–16 т","8,5-16,0 т.",от 20 до 160 л.с.,8.5,16.0,False,20.0
2025Q4,electric,el_8.5_16,"8,5–16 т","8,5-16,0 т.",от 20 до 160 л.с.,8.5,16.0,False,90.0
2026Q1,electric,el_8.5_16,"8,5–16 т","8,5-16,0 т.",от 20 до 160 л.с.,8.5,16.0,False,20.0
