period,ice_1_1.8,ice_2_2.5,ice_3_3.5,ice_3.8_5,ice_6_8,ice_8.5_10,ice_11_18,ice_20_25,el_1_1.8,el_2_2.5,el_3_3.5,el_3.8_5,el_5.5_8,el_8.5_16,total_ice,total_electric,total_market,electric_share,key_rate,key_rate_eff,investment_yoy,log_investment,usd_rub,gdp_yoy,real_key_rate
2023Q1,3050.0,2970.0,6050.0,980.0,180.0,90.0,20.0,0.0,6200.0,2500.0,1020.0,150.0,0.0,0.0,13340.0,9870.0,23210.0,0.42524773804394655,7.5,9.93653448001274,1.0,0.009950330853168092,72.78203333333333,-1.6,3.99
2023Q2,3080.0,1860.0,5500.0,1220.0,100.0,140.0,30.0,20.0,9310.0,5420.0,2470.0,260.0,80.0,20.0,11950.0,17560.0,29510.0,0.5950525245679431,7.5,7.775362318840579,13.3,0.12486898204586927,81.00256666666667,4.9,4.25
2023Q3,4050.0,2710.0,5730.0,1020.0,170.0,40.0,40.0,0.0,10790.0,5640.0,2500.0,450.0,0.0,20.0,13760.0,19400.0,33160.0,0.5850422195416164,10.179347826086957,7.5,14.5,0.13540463700620298,94.1195,5.7,4.179347826086957
2023Q4,2660.0,3160.0,8520.0,960.0,200.0,150.0,40.0,0.0,8160.0,4870.0,3090.0,460.0,40.0,10.0,15690.0,16630.0,32320.0,0.5145420792079208,14.521739130434783,8.393115942028986,8.6,0.08250122151174377,92.79923333333333,4.9,7.101739130434783
2024Q1,1530.0,1640.0,3240.0,600.0,160.0,70.0,0.0,0.0,6990.0,3930.0,2740.0,430.0,50.0,0.0,7240.0,14140.0,21380.0,0.6613657623947614,16.0,10.733695652173914,14.8,0.14797162875054282,90.76576666666666,5.2,8.280000000000001
2024Q2,3840.0,2640.0,5100.0,1200.0,200.0,180.0,20.0,0.0,10250.0,5820.0,4060.0,280.0,40.0,10.0,13180.0,20460.0,33640.0,0.60820451843044,16.0,13.567028985507244,8.7,0.20829059018494164,90.60880000000002,4.9,7.41
2024Q3,2870.0,2670.0,5260.0,700.0,80.0,90.0,20.0,10.0,6800.0,3610.0,2020.0,400.0,50.0,40.0,11700.0,12920.0,24620.0,0.5247766043866775,17.554347826086957,15.507246376811594,5.7,0.1908393438943035,89.23716666666667,3.8,8.924347826086956
2024Q4,4160.0,3250.0,6510.0,1050.0,120.0,140.0,0.0,10.0,9320.0,5800.0,3840.0,530.0,60.0,120.0,15240.0,19670.0,34910.0,0.563448868519049,20.41304347826087,16.518115942028984,4.9,0.13033855092590377,99.65396666666668,5.2,10.893043478260871
2025Q1,1750.0,2180.0,3420.0,420.0,40.0,100.0,30.0,0.0,7510.0,4190.0,2100.0,340.0,10.0,20.0,7940.0,14170.0,22110.0,0.6408864767073722,21.0,17.98913043478261,6.5,0.2109464279119312,93.298,1.3,10.66
2025Q2,1130.0,1190.0,2430.0,340.0,50.0,70.0,20.0,10.0,6860.0,3490.0,3610.0,430.0,10.0,80.0,5240.0,14480.0,19720.0,0.7342799188640974,20.75824175824176,19.655797101449277,-1.0,0.1982402543314402,80.83186666666667,1.0,11.358241758241759
2025Q3,1450.0,1200.0,2400.0,470.0,110.0,100.0,30.0,0.0,5900.0,3700.0,3200.0,760.0,70.0,20.0,5760.0,13650.0,19410.0,0.7032457496136012,18.41304347826087,20.723761745500877,-4.3,0.14688745636512066,80.62153333333333,0.8,10.43304347826087
2025Q4,2070.0,1290.0,1650.0,510.0,150.0,80.0,40.0,0.0,6940.0,3750.0,3940.0,700.0,30.0,90.0,5790.0,15450.0,21240.0,0.7274011299435028,16.58695652173913,20.05709507883421,-5.3,0.07588236512984484,79.9321,1.0,10.99695652173913
2026Q1,1210.0,1150.0,1960.0,260.0,130.0,80.0,30.0,0.0,4870.0,3350.0,2010.0,470.0,80.0,20.0,4820.0,10800.0,15620.0,0.6914212548015365,15.705555555555556,18.586080586080588,-14.3,0.0566290675275739,78.39203333333334,-0.2,9.845555555555556
