month,usd_rub_avg
2023-01,69.2325
2023-02,73.0284
2023-03,76.0852
2023-04,80.8947
2023-05,78.9516
2023-06,83.1614
2023-07,90.4214
2023-08,95.2847
2023-09,96.6524
2023-10,97.0400
2023-11,90.5918
2023-12,90.7659
2024-01,88.9856
2024-02,91.6146
2024-03,91.6971
2024-04,92.8884
2024-05,90.8759
2024-06,88.0621
2024-07,87.4029
2024-08,89.0028
2024-09,91.3058
2024-10,96.1203
2024-11,100.3679
2024-12,102.4737
2025-01,100.8676
2025-02,92.9277
2025-03,86.0987
2025-04,83.3170
2025-05,80.4603
2025-06,78.7183
2025-07,78.7399
2025-08,80.1582
2025-09,82.9665
2025-10,81.0089
2025-11,80.3506
2025-12,78.4368
2026-01,77.5632
2026-02,76.8516
2026-03,80.7613
2026-04,76.9380
2026-05,73.0069
2026-06,73.5447
2026-07,77.8039
2026-08,83.0987
